precision,recall,f1,accuracy
0.9320339830084957,0.9416021541568496,0.9367936375052324,0.9896421478914372
