accuracy,precision,recall,f1
0.866,0.8744769874476988,0.8495934959349594,0.8618556701030928
